{
    "USA": [-98.5795, 39.8283],
    "CHN": [104.1954, 35.8617],
    "DEU": [10.4515, 51.1657],
    "BRA": [-51.9253, -14.2350],
    "FRA": [2.2137, 46.2276],
    "JPN": [138.2529, 36.2048],
    "GBR": [-3.435973, 55.378051],
    "CAN": [-106.3468, 56.1304],
    "MEX": [-102.5528, 23.6345],
    "IND": [78.9629, 20.5937]
  }
  