{
    "USA": [-98.5795, 39.8283],
    "CHN": [104.1954, 35.8617],
    "MEX": [-102.5528, 23.6345],
    "CAN": [-106.3468, 56.1304],
    "MYS": [101.9758, 4.2105],
    "DEU": [10.4515, 51.1657],
    "JPN": [138.2529, 36.2048],
    "KOR": [127.7669, 35.9078],
    "THA": [100.9925, 15.8700],
    "GBR": [-3.435973, 55.378051],
    "BRA": [-51.9253, -14.2350],
    "PHL": [121.7740, 12.8797],
    "ITA": [12.5674, 41.8719],
    "ARE": [53.8478, 23.4241],
    "AUS": [133.7751, -25.2744],
    "IDN": [113.9213, -0.7893],
    "ESP": [-3.7492, 40.4637],
    "TUR": [35.2433, 38.9637],
    "SAU": [45.0792, 23.8859],
    "NZL": [174.885971, -40.9006],
    "ZAF": [22.9375, -30.5595],
    "RUS": [105.3188, 61.5240],
    "IND": [78.9629, 20.5937]
}
