{
    "USA": [-98.5795, 39.8283],
    "MEX": [-102.5528, 23.6345],
    "CAN": [-106.3468, 56.1304],
    "CHN": [104.1954, 35.8617],
    "JPN": [138.2529, 36.2048],
    "DEU": [10.4515, 51.1657],
    "KOR": [127.7669, 35.9078],
    "VNM": [108.2772, 14.0583],
    "MYS": [101.9758, 4.2105],
    "GBR": [-3.435973, 55.378051],
    "THA": [100.9925, 15.8700],
    "BRA": [-51.9253, -14.2350],
    "SGP": [103.8198, 1.3521],
    "ITA": [12.5674, 41.8719],
    "AUS": [133.7751, -25.2744],
    "ARE": [53.8478, 23.4241],
    "NLD": [5.2913, 52.1326],
    "HKG": [114.1694, 22.3193],
    "PHL": [121.7740, 12.8797],
    "ISR": [34.8516, 31.0461],
    "BEL": [4.4699, 50.5039],
    "POL": [19.1451, 51.9194],
    "SWE": [18.6435, 60.1282],
    "ESP": [-3.7492, 40.4637],
    "IRL": [-8.2439, 53.4129],
    "IDN": [113.9213, -0.7893],
    "TUR": [35.2433, 38.9637],
    "HUN": [19.5033, 47.1625],
    "SAU": [45.0792, 23.8859],
    "AUT": [13.199959, 47.5162],
    "ZAF": [22.9375, -30.5595],
    "CZE": [15.4729, 49.8175],
    "CHL": [-71.5429, -35.6751],
    "COL": [-74.2973, 4.5709],
    "QAT": [51.1839, 25.3548],
    "ARG": [-63.6167, -38.4161],
    "ROU": [24.9668, 45.9432],
    "PER": [-75.0152, -9.189967],
    "FIN": [25.7482, 61.9241],
    "KWT": [47.4818, 29.3759],
    "EGY": [30.8025, 26.8206],
    "NGA": [8.6753, 9.0820],
    "VEN": [-66.5897, 6.4238],
    "UKR": [31.1656, 48.3794],
    "DZA": [1.6596, 28.0339],
    "RUS": [105.3188, 61.5240],
    "IND": [78.9629, 20.5937]
}
